clade	gene	site	alt

Alpha	nuc	14676	T
Alpha	nuc	15279	T
Alpha	nuc	23063	T

Beta	nuc	23012	A
Beta	nuc	23063	T
Beta	nuc	23403	G
Beta	nuc	26456	T

Gamma	nuc	733	C
Gamma	nuc	2749	T
Gamma	nuc	3828	T
Gamma	nuc	5648	C
Gamma	nuc	12778	T
Gamma	nuc	13860	T

Delta	nuc	21618	G
Delta	nuc	26767	C
Delta	nuc	28461	G

Epsilon	nuc	17014	T
Epsilon	nuc	21600	T
Epsilon	nuc	22018	T
Epsilon	nuc	22917	G

Eta	nuc	14407	T
Eta	nuc	20724	G
Eta	nuc	23593	C
Eta	nuc	24224	C
Eta	nuc	24748	T

Theta	nuc	12049	T
Theta	nuc	23341	C
Theta	nuc	23604	A
Theta	nuc	24187	A
Theta	nuc	24836	A

Iota	nuc	16500	C
Iota	nuc	20262	G
Iota	nuc	21575	T
Iota	nuc	22320	G

Kappa	nuc	17523	T
Kappa	nuc	22917	G
Kappa	nuc	23012	C
Kappa	nuc	27638	C
Kappa	nuc	28881	T
Kappa	nuc	29402	T

Lambda	nuc	21786	T
Lambda	nuc	21789	T
Lambda	nuc	22917	A
Lambda	nuc	23031	C

Mu	nuc	3428	G
Mu	nuc	4878	T
Mu	nuc	11451	G
Mu	nuc	13057	T
Mu	nuc	17491	T
Mu	nuc	27925	A

Omicron	nuc	18163	G
Omicron	nuc	23599	G
