20A.EU1	nuc	8782	C
20A.EU1	nuc	14408	T
20A.EU1	nuc	23403	G
20A.EU1	nuc	22227	T

20A.EU2	nuc	8782	C
20A.EU2	nuc	14408	T
20A.EU2	nuc	23403	G
20A.EU2	nuc	18877	T
20A.EU2	nuc	22992	A

20B/22992A	nuc	8782	C
20B/22992A	nuc	14408	T
20B/22992A	nuc	23403	G
20B/22992A	nuc	28881	A
20B/22992A	nuc	28882	A
20B/22992A	nuc	22992	A
20B/22992A	nuc	16647	T

20B/15867G	nuc	8782	C
20B/15867G	nuc	14408	T
20B/15867G	nuc	23403	G
20B/15867G	nuc	28881	A
20B/15867G	nuc	28882	A
20B/15867G	nuc	13536	T
20B/15867G	nuc	15867	G
